{"schemaVersion":"1.0","appDefinitionTemplate":{"id":"/providers/Microsoft.PowerApps/apps/","type":"Microsoft.PowerApps/apps","tags":{"minimumRequiredApiVersion":"2.2.0"},"properties":{"appVersion":"2020-01-26T09:22:52Z","lifeCycleId":"Published","createdByClientVersion":{"major":3,"minor":19125,"build":23,"revision":0,"majorRevision":0,"minorRevision":0},"minClientVersion":{"major":3,"minor":19125,"build":23,"revision":0,"majorRevision":0,"minorRevision":0},"backgroundColor":"rgba(0, 176, 240, 1)","backgroundImageUri":"/2274672345210512758/Na423ae04-d495-4128-b2a7-c3c3ef6b43b1-logoSmallFile","displayName":"Are you ok","description":"","commitMessage":"With updated home screen and other screen backgrounds","appUris":{"documentUri":{"value":"/2274672345210512758/N4febb519-d2a8-4ee9-b395-7018d0e01b11-document.msapp","readonlyValue":"/2274672345210512758/N4febb519-d2a8-4ee9-b395-7018d0e01b11-document.msapp"},"imageUris":[]},"createdTime":"0001-01-01T00:00:00Z","lastModifiedTime":"0001-01-01T00:00:00Z","sharedGroupsCount":0,"sharedUsersCount":0,"icons":{"smallIconUri":"/2274672345210512758/Ndf8bc669-edd1-4d5c-8a77-b0a558a445a8-small.png","mediumIconUri":"/2274672345210512758/N41dca3e6-197b-45ac-b876-4d201fc2fea1-medium.png","largeIconUri":"/2274672345210512758/Nd25cc462-e7bf-4233-938e-88198d08f39f-large.png","wideIconUri":"/2274672345210512758/N9bab8bd4-977b-4217-ad60-d3eb30da46ac-wide.png"},"connectionReferences":{"94a545d3-08e2-4fe7-969b-ba56bfa6118d":{"id":"b50c5a18-9211-4c84-b69f-6038df0704b5","displayName":"Office 365 Users","iconUri":"https://connectoricons-prod.azureedge.net/office365users/icon_1.0.1298.1845.png","dataSources":["Office365Users"],"dependencies":[],"dependents":[],"parameterHints":{},"isOnPremiseConnection":false,"bypassConsent":false,"dataSets":{},"apiTier":"Standard","isCustomApiConnection":false},"efd8da53-6e0f-48c0-b26e-50966b5df332":{"id":"654fce6a-1d45-44cf-aad0-bd567d6b845b","displayName":"Logic flows","iconUri":"https://resourcestackdeploy.blob.core.windows.net/scripts/13276078.png","dataSources":["Areyouokmain"],"dependencies":["5690f524-f336-4b6c-a1b4-ca6c9b9e1068","a80e7696-d6bf-47a6-8933-8edd470875b3"],"dependents":[],"parameterHints":{"workflowName":{"value":"cf0822cc-1e56-43a7-8ada-feb697ca54b0"},"5690f524-f336-4b6c-a1b4-ca6c9b9e1068":{"value":"shared_office365users"},"a80e7696-d6bf-47a6-8933-8edd470875b3":{"value":"shared_sharepointonline"}},"isOnPremiseConnection":false,"bypassConsent":false,"dataSets":{},"apiTier":"Standard","isCustomApiConnection":false},"5690f524-f336-4b6c-a1b4-ca6c9b9e1068":{"id":"b50c5a18-9211-4c84-b69f-6038df0704b5","displayName":"Office 365 Users","iconUri":"https://connectoricons-prod.azureedge.net/office365users/icon_1.0.1298.1845.png","dataSources":[],"dependencies":[],"dependents":["efd8da53-6e0f-48c0-b26e-50966b5df332"],"parameterHints":{},"isOnPremiseConnection":false,"bypassConsent":false,"dataSets":{},"apiTier":"Standard","isCustomApiConnection":false},"a80e7696-d6bf-47a6-8933-8edd470875b3":{"id":"80979b59-5e82-40bc-9c31-e0b0fb76148d","displayName":"SharePoint","iconUri":"https://connectoricons-prod.azureedge.net/sharepointonline/icon_1.0.1299.1858.png","dataSources":["Resources by Topic Area"],"dependencies":[],"dependents":["efd8da53-6e0f-48c0-b26e-50966b5df332"],"parameterHints":{},"isOnPremiseConnection":false,"bypassConsent":false,"dataSets":{"https://jondoesflowcom.sharepoint.com/sites/JonDoesFlow":{"dataSources":{"Resources by Topic Area":{"tableName":"8d5e5701-8c37-4c18-b4ca-911011310e6c"}}}},"apiTier":"Standard","isCustomApiConnection":false}},"databaseReferences":{},"almMode":"Environment","performanceOptimizationEnabled":false,"canConsumeAppPass":true},"isAppComponentLibrary":false,"appComponents":[]}}