{"name":"547c00a0-c49c-4e4c-8f42-0ef4b28af8ab","id":"/providers/Microsoft.Flow/flows/547c00a0-c49c-4e4c-8f42-0ef4b28af8ab","type":"Microsoft.Flow/flows","properties":{"apiId":"/providers/Microsoft.PowerApps/apis/shared_logicflows","displayName":"Are you ok main","definition":{"metadata":{"workflowEntityId":null,"creator":{"id":"721c39b9-b49d-4e3c-a345-9c5a47f6d186","type":"User","tenantId":"aeead005-c54c-4117-8f4f-cdbc67366bb8"},"provisioningMethod":"FromDefinition","failureAlertSubscription":true,"clientLastModifiedTime":"2020-01-23T16:22:02.3333307Z"},"$schema":"https://schema.management.azure.com/providers/Microsoft.Logic/schemas/2016-06-01/workflowdefinition.json#","contentVersion":"1.0.0.0","parameters":{"$connections":{"defaultValue":{},"type":"Object"},"$authentication":{"defaultValue":{},"type":"SecureObject"}},"triggers":{"manual":{"type":"Request","kind":"PowerApp","inputs":{"schema":{"type":"object","properties":{"Initializevariable_Value":{"type":"string","description":"Enter initial value","x-ms-powerflows-param-ispartial":false},"Initializevariable2_Value":{"type":"boolean","description":"Enter initial value","x-ms-powerflows-param-ispartial":false},"Initializevariable3_Value":{"type":"string","description":"Enter initial value","x-ms-powerflows-param-ispartial":false},"Initializevariable4_Value":{"type":"string","description":"Enter initial value","x-ms-powerflows-param-ispartial":false},"Initializevariable5_Value":{"type":"boolean","description":"Enter initial value","x-ms-powerflows-param-ispartial":false},"Initializevariable6_Value":{"type":"boolean","description":"Enter initial value","x-ms-powerflows-param-ispartial":false},"Initializevariable7_Value":{"type":"string","description":"Enter initial value","x-ms-powerflows-param-ispartial":false},"Initializevariable8_Value":{"type":"string","description":"Enter initial value","x-ms-powerflows-param-ispartial":false}},"required":["Initializevariable_Value","Initializevariable2_Value","Initializevariable3_Value","Initializevariable4_Value","Initializevariable5_Value","Initializevariable6_Value","Initializevariable7_Value","Initializevariable8_Value"]}}}},"actions":{"Initialize_variable":{"runAfter":{},"type":"InitializeVariable","inputs":{"variables":[{"name":"Are_you_ok","type":"String","value":"@triggerBody()['Initializevariable_Value']"}]}},"Initialize_variable_2":{"runAfter":{"Initialize_variable":["Succeeded"]},"type":"InitializeVariable","inputs":{"variables":[{"name":"Anonymous","type":"Boolean","value":"@triggerBody()['Initializevariable2_Value']"}]}},"Initialize_variable_3":{"runAfter":{"Initialize_variable_2":["Succeeded"]},"type":"InitializeVariable","inputs":{"variables":[{"name":"Description","type":"String","value":"@triggerBody()['Initializevariable3_Value']"}]}},"Initialize_variable_4":{"runAfter":{"Initialize_variable_3":["Succeeded"]},"type":"InitializeVariable","inputs":{"variables":[{"name":"Email_Address","type":"String","value":"@triggerBody()['Initializevariable4_Value']"}]}},"Initialize_variable_5":{"runAfter":{"Initialize_variable_4":["Succeeded"]},"type":"InitializeVariable","inputs":{"variables":[{"name":"OccHealthYesNo","type":"Boolean","value":"@triggerBody()['Initializevariable5_Value']"}]}},"Initialize_variable_6":{"runAfter":{"Initialize_variable_5":["Succeeded"]},"type":"InitializeVariable","inputs":{"variables":[{"name":"ChampionYesNo","type":"Boolean","value":"@triggerBody()['Initializevariable6_Value']"}]}},"Initialize_variable_7":{"runAfter":{"Initialize_variable_6":["Succeeded"]},"type":"InitializeVariable","inputs":{"variables":[{"name":"Location_Latitude","type":"String","value":"@triggerBody()['Initializevariable7_Value']"}]}},"Initialize_variable_8":{"runAfter":{"Initialize_variable_7":["Succeeded"]},"type":"InitializeVariable","inputs":{"variables":[{"name":"Location_Longitude","type":"String","value":"@triggerBody()['Initializevariable8_Value']"}]}},"Initialize_variable_9":{"runAfter":{"Initialize_variable_8":["Succeeded"]},"type":"InitializeVariable","inputs":{"variables":[{"name":"Location","type":"String"}]}},"Initialize_variable_10":{"runAfter":{"Initialize_variable_9":["Succeeded"]},"type":"InitializeVariable","inputs":{"variables":[{"name":"Name","type":"String"}]}},"Initialize_variable_11":{"runAfter":{"Initialize_variable_10":["Succeeded"]},"type":"InitializeVariable","inputs":{"variables":[{"name":"Manager_name","type":"String"}]}},"Initialize_variable_12":{"runAfter":{"Initialize_variable_11":["Succeeded"]},"type":"InitializeVariable","inputs":{"variables":[{"name":"DateTime","type":"String","value":"@{utcNow()}"}]}},"Condition":{"actions":{"Get_user_profile_(V2)":{"runAfter":{},"metadata":{"flowSystemMetadata":{"swaggerOperationId":"UserProfile_V2"}},"type":"ApiConnection","inputs":{"host":{"connection":{"name":"@json(decodeBase64(triggerOutputs().headers['X-MS-APIM-Tokens']))['$connections']['shared_office365users']['connectionId']"},"api":{"runtimeUrl":"https://uk-001.azure-apim.net/apim/office365users"}},"method":"get","path":"/codeless/v1.0/users/@{encodeURIComponent(variables('Email_Address'))}","authentication":{"type":"Raw","value":"@json(decodeBase64(triggerOutputs().headers['X-MS-APIM-Tokens']))['$ConnectionKey']"}}},"Set_variable":{"runAfter":{"Get_user_profile_(V2)":["Succeeded"]},"type":"SetVariable","inputs":{"name":"Name","value":"@body('Get_user_profile_(V2)')?['displayName']"}},"Set_variable_3":{"runAfter":{"Set_variable_2":["Succeeded"]},"type":"SetVariable","inputs":{"name":"Location","value":"https://www.google.co.uk/maps/place/@{variables('Location_Latitude')},@{variables('Location_Longitude')}"}},"Set_variable_8":{"runAfter":{"Set_variable_3":["Succeeded"]},"type":"SetVariable","inputs":{"name":"Business_Unit","value":"@body('Get_user_profile_(V2)')?['companyName']"}},"Set_variable_2":{"runAfter":{"Set_variable":["Succeeded"]},"type":"SetVariable","inputs":{"name":"Manager_name","value":"Unknown"}}},"runAfter":{"Initialize_variable_13":["Succeeded"]},"else":{"actions":{"Set_variable_4":{"runAfter":{},"type":"SetVariable","inputs":{"name":"Name","value":"Anonymous"}},"Set_variable_5":{"runAfter":{"Set_variable_4":["Succeeded"]},"type":"SetVariable","inputs":{"name":"Manager_name","value":"Anonymous"}},"Set_variable_6":{"runAfter":{"Set_variable_5":["Succeeded"]},"type":"SetVariable","inputs":{"name":"Location","value":"Anonymous"}},"Set_variable_7":{"runAfter":{"Set_variable_6":["Succeeded"]},"type":"SetVariable","inputs":{"name":"Business_Unit","value":"Anonymous"}}}},"expression":{"equals":["@variables('Anonymous')",true]},"type":"If"},"Create_item":{"runAfter":{"Condition":["Succeeded"]},"metadata":{"flowSystemMetadata":{"swaggerOperationId":"PostItem"}},"type":"ApiConnection","inputs":{"host":{"connection":{"name":"@json(decodeBase64(triggerOutputs().headers['X-MS-APIM-Tokens']))['$connections']['shared_sharepointonline']['connectionId']"},"api":{"runtimeUrl":"https://uk-001.azure-apim.net/apim/sharepointonline"}},"method":"post","body":{"Title":"@{variables('Anonymous')}","Person_x0027_s_x0020_Name":"@variables('Name')","Manager_x0020_Name":"@variables('Manager_name')","Are_x0020_you_x0020_ok_x003f_":"@variables('Are_you_ok')","Created1":"@variables('DateTime')","MHC_x0020_Required":"@{variables('ChampionYesNo')}","Occ_x0020_Health_x0020_Contact_x":"@{variables('OccHealthYesNo')}","Location":"@variables('Location')","Date_x0020_Time":"@variables('DateTime')","Description":"@variables('Description')","Business_x0020_Unit":"@variables('Business_Unit')"},"path":"/datasets/@{encodeURIComponent(encodeURIComponent('https://jondoesflowcom.sharepoint.com/sites/JonDoesFlow'))}/tables/@{encodeURIComponent(encodeURIComponent('5190c2b3-a8da-4ff0-bd20-e83cb27aa570'))}/items","authentication":{"type":"Raw","value":"@json(decodeBase64(triggerOutputs().headers['X-MS-APIM-Tokens']))['$ConnectionKey']"}}},"Initialize_variable_13":{"runAfter":{"Initialize_variable_12":["Succeeded"]},"type":"InitializeVariable","inputs":{"variables":[{"name":"Business_Unit","type":"String"}]}}}},"connectionReferences":{"shared_office365users":{"connectionName":"91daa4dc05d6416d8f8744b7f7f319b4","source":"Invoker","id":"/providers/Microsoft.PowerApps/apis/shared_office365users","tier":"NotSpecified"},"shared_sharepointonline":{"connectionName":"shared-sharepointonl-21a25067-f699-4c33-9db6-433b1100ff80","source":"Invoker","id":"/providers/Microsoft.PowerApps/apis/shared_sharepointonline","tier":"NotSpecified"}},"flowFailureAlertSubscribed":false}}