{"schemaVersion":"1.0","appDefinitionTemplate":{"id":"/providers/Microsoft.PowerApps/apps/","type":"Microsoft.PowerApps/apps","tags":{"minimumRequiredApiVersion":"2.2.0"},"properties":{"appVersion":"2020-01-25T19:20:52Z","lifeCycleId":"Published","createdByClientVersion":{"major":3,"minor":19125,"build":23,"revision":0,"majorRevision":0,"minorRevision":0},"minClientVersion":{"major":3,"minor":19125,"build":23,"revision":0,"majorRevision":0,"minorRevision":0},"backgroundColor":"rgba(0, 176, 240, 1)","backgroundImageUri":"/2274672345210512758/Nfb711e9b-2d4f-43fe-9229-0c9466278abe-logoSmallFile","displayName":"Are you ok","description":"","commitMessage":"Added success screen","appUris":{"documentUri":{"value":"/2274672345210512758/N23c60f17-f343-4ad1-b53e-c76992f1ed1c-document.msapp","readonlyValue":"/2274672345210512758/N23c60f17-f343-4ad1-b53e-c76992f1ed1c-document.msapp"},"imageUris":[]},"createdTime":"0001-01-01T00:00:00Z","lastModifiedTime":"0001-01-01T00:00:00Z","sharedGroupsCount":0,"sharedUsersCount":0,"icons":{"smallIconUri":"/2274672345210512758/Nce0cdadb-8c56-4274-a5d1-c80b035e07ab-small.png","mediumIconUri":"/2274672345210512758/N8a94dc8b-dc9e-4263-87b1-bca64a290a61-medium.png","largeIconUri":"/2274672345210512758/Nd7dd22ec-c8cc-476f-9d84-6c72a9865ded-large.png","wideIconUri":"/2274672345210512758/N9be427cd-aa15-46a5-b861-9f234cf190e9-wide.png"},"connectionReferences":{"94a545d3-08e2-4fe7-969b-ba56bfa6118d":{"id":"b50c5a18-9211-4c84-b69f-6038df0704b5","displayName":"Office 365 Users","iconUri":"https://connectoricons-prod.azureedge.net/office365users/icon_1.0.1298.1845.png","dataSources":["Office365Users"],"dependencies":[],"dependents":[],"parameterHints":{},"isOnPremiseConnection":false,"bypassConsent":false,"dataSets":{},"apiTier":"Standard","isCustomApiConnection":false},"efd8da53-6e0f-48c0-b26e-50966b5df332":{"id":"654fce6a-1d45-44cf-aad0-bd567d6b845b","displayName":"Logic flows","iconUri":"https://resourcestackdeploy.blob.core.windows.net/scripts/13276078.png","dataSources":["Areyouokmain"],"dependencies":["5690f524-f336-4b6c-a1b4-ca6c9b9e1068","a80e7696-d6bf-47a6-8933-8edd470875b3"],"dependents":[],"parameterHints":{"workflowName":{"value":"cf0822cc-1e56-43a7-8ada-feb697ca54b0"},"5690f524-f336-4b6c-a1b4-ca6c9b9e1068":{"value":"shared_office365users"},"a80e7696-d6bf-47a6-8933-8edd470875b3":{"value":"shared_sharepointonline"}},"isOnPremiseConnection":false,"bypassConsent":false,"dataSets":{},"apiTier":"Standard","isCustomApiConnection":false},"5690f524-f336-4b6c-a1b4-ca6c9b9e1068":{"id":"b50c5a18-9211-4c84-b69f-6038df0704b5","displayName":"Office 365 Users","iconUri":"https://connectoricons-prod.azureedge.net/office365users/icon_1.0.1298.1845.png","dataSources":[],"dependencies":[],"dependents":["efd8da53-6e0f-48c0-b26e-50966b5df332"],"parameterHints":{},"isOnPremiseConnection":false,"bypassConsent":false,"dataSets":{},"apiTier":"Standard","isCustomApiConnection":false},"a80e7696-d6bf-47a6-8933-8edd470875b3":{"id":"80979b59-5e82-40bc-9c31-e0b0fb76148d","displayName":"SharePoint","iconUri":"https://connectoricons-prod.azureedge.net/sharepointonline/icon_1.0.1299.1858.png","dataSources":["Resources by Topic Area"],"dependencies":[],"dependents":["efd8da53-6e0f-48c0-b26e-50966b5df332"],"parameterHints":{},"isOnPremiseConnection":false,"bypassConsent":false,"dataSets":{"https://jondoesflowcom.sharepoint.com/sites/JonDoesFlow":{"dataSources":{"Resources by Topic Area":{"tableName":"8d5e5701-8c37-4c18-b4ca-911011310e6c"}}}},"apiTier":"Standard","isCustomApiConnection":false}},"databaseReferences":{},"almMode":"Environment","performanceOptimizationEnabled":false,"canConsumeAppPass":true},"isAppComponentLibrary":false,"appComponents":[]}}