{"schemaVersion":"1.0","appDefinitionTemplate":{"id":"/providers/Microsoft.PowerApps/apps/","type":"Microsoft.PowerApps/apps","tags":{"minimumRequiredApiVersion":"2.2.0"},"properties":{"appVersion":"2020-01-23T15:18:45Z","lifeCycleId":"Published","createdByClientVersion":{"major":3,"minor":19123,"build":15,"revision":0,"majorRevision":0,"minorRevision":0},"minClientVersion":{"major":3,"minor":19123,"build":15,"revision":0,"majorRevision":0,"minorRevision":0},"backgroundColor":"rgba(0, 176, 240, 1)","backgroundImageUri":"/2274672345210512758/Nf4566759-dc2c-4416-b0a7-7d47c7439b9b-Ne3efe3f6-23c8-4315-ae3a-a904fcc95152-logoSmallFile","displayName":"Are you ok","description":"","commitMessage":"Entity labelling","appUris":{"documentUri":{"value":"/2274672345210512758/Nf1c72696-d2be-4dcd-8f93-1081b8318155-N245e8f08-1961-477d-94d5-bf850148a0d3-document.msapp","readonlyValue":"/2274672345210512758/Nf1c72696-d2be-4dcd-8f93-1081b8318155-N245e8f08-1961-477d-94d5-bf850148a0d3-document.msapp"},"imageUris":[]},"createdTime":"0001-01-01T00:00:00Z","lastModifiedTime":"0001-01-01T00:00:00Z","sharedGroupsCount":0,"sharedUsersCount":0,"icons":{"smallIconUri":"/2274672345210512758/N00cc425d-9744-4e03-8722-203b460d9262-Nf59b5811-7cf7-4f1f-9ba9-a1f04fcd10f4-small.png","mediumIconUri":"/2274672345210512758/N92969fa9-7b4a-4626-a4e8-dcd845a74f4f-N03233b28-a03e-4b68-9195-d7679cbf60d4-medium.png","largeIconUri":"/2274672345210512758/Nba1277cb-3609-419c-acd5-1cfd0fa373a0-Ncd4a0668-ec37-4c6e-9eac-e265219fe760-large.png","wideIconUri":"/2274672345210512758/N65ef9399-cb59-4025-884e-c40c6d5e4f56-Nb4c7c63b-9b31-4ac5-8403-24b5a104c54a-wide.png"},"connectionReferences":{"94a545d3-08e2-4fe7-969b-ba56bfa6118d":{"id":"b50c5a18-9211-4c84-b69f-6038df0704b5","displayName":"Office 365 Users","iconUri":"https://connectoricons-prod.azureedge.net/office365users/icon_1.0.1298.1845.png","dataSources":["Office365Users"],"dependencies":[],"dependents":[],"parameterHints":{},"isOnPremiseConnection":false,"bypassConsent":false,"dataSets":{},"apiTier":"Standard","isCustomApiConnection":false},"4470b582-b5d8-4ecf-82da-ba48a2f36130":{"id":"80979b59-5e82-40bc-9c31-e0b0fb76148d","displayName":"SharePoint","iconUri":"https://connectoricons-prod.azureedge.net/sharepointonline/icon_1.0.1278.1753.png","dataSources":["Resources by Topic Area"],"dependencies":[],"dependents":[],"parameterHints":{},"isOnPremiseConnection":false,"bypassConsent":false,"dataSets":{"https://volkerwesselsuk.sharepoint.com/sites/Grp_MentalHealth_VWSSICT":{"dataSources":{"Resources by Topic Area":{"tableName":"f1fb00a8-1e2a-4560-ae49-9448cb3bf07d"}}}},"apiTier":"Standard","isCustomApiConnection":false},"efd8da53-6e0f-48c0-b26e-50966b5df332":{"id":"654fce6a-1d45-44cf-aad0-bd567d6b845b","displayName":"Logic flows","iconUri":"https://resourcestackdeploy.blob.core.windows.net/scripts/13276078.png","dataSources":["Areyouokmain"],"dependencies":["5690f524-f336-4b6c-a1b4-ca6c9b9e1068","a80e7696-d6bf-47a6-8933-8edd470875b3"],"dependents":[],"parameterHints":{"workflowName":{"value":"cf0822cc-1e56-43a7-8ada-feb697ca54b0"},"5690f524-f336-4b6c-a1b4-ca6c9b9e1068":{"value":"shared_office365users"},"a80e7696-d6bf-47a6-8933-8edd470875b3":{"value":"shared_sharepointonline"}},"isOnPremiseConnection":false,"bypassConsent":false,"dataSets":{},"apiTier":"Standard","isCustomApiConnection":false},"5690f524-f336-4b6c-a1b4-ca6c9b9e1068":{"id":"b50c5a18-9211-4c84-b69f-6038df0704b5","displayName":"Office 365 Users","iconUri":"https://connectoricons-prod.azureedge.net/office365users/icon_1.0.1298.1845.png","dataSources":[],"dependencies":[],"dependents":["efd8da53-6e0f-48c0-b26e-50966b5df332"],"parameterHints":{},"isOnPremiseConnection":false,"bypassConsent":false,"dataSets":{},"apiTier":"Standard","isCustomApiConnection":false},"a80e7696-d6bf-47a6-8933-8edd470875b3":{"id":"80979b59-5e82-40bc-9c31-e0b0fb76148d","displayName":"SharePoint","iconUri":"https://connectoricons-prod.azureedge.net/sharepointonline/icon_1.0.1278.1753.png","dataSources":[],"dependencies":[],"dependents":["efd8da53-6e0f-48c0-b26e-50966b5df332"],"parameterHints":{},"isOnPremiseConnection":false,"bypassConsent":false,"dataSets":{},"apiTier":"Standard","isCustomApiConnection":false}},"databaseReferences":{},"almMode":"Environment","performanceOptimizationEnabled":false,"canConsumeAppPass":true},"isAppComponentLibrary":false,"appComponents":[]}}